code #,part #,model id,release,model #,cpu,gpu,emc,size,color
! A1369
A1369,661-5732,MacBookAir4.2,Mid 2011,MC965LL/A,1.7 GHz Core i5-2557M,HD Graphics 3000,2469,13,Silver
A1369,661-5732,MacBookAir4.2,Mid 2011,MC966LL/A,1.7 GHz Core i5-2557M,HD Graphics 3000,2469,13,Silver
A1369,661-5732,MacBookAir4.2,Mid 2011,MD226LL/A,1.8 GHz Core i7-2677M,HD Graphics 3000,2469,13,Silver
A1369,661-6056,MacBookAir4.2,Mid 2011,MC965LL/A,1.7 GHz Core i5-2557M,HD Graphics 3000,2469,13,Silver
A1369,661-6056,MacBookAir4.2,Mid 2011,MC966LL/A,1.7 GHz Core i5-2557M,HD Graphics 3000,2469,13,Silver
A1369,661-6056,MacBookAir4.2,Mid 2011,MD226LL/A,1.8 GHz Core i7-2677M,HD Graphics 3000,2469,13,Silver
! A1398
A1398,661-6529,MacBookPro10.1,Mid 2012,MC975LL/A,2.3 GHz Core i7-3615QM,GeForce GT 650M,2512,15,Silver
A1398,661-6529,MacBookPro10.1,Mid 2012,MC976LL/A,2.6 GHz Core i7-3720QM,GeForce GT 650M,2512,15,Silver
A1398,661-6529,MacBookPro10.1,Mid 2012,MD831LL/A,2.7 GHz Core i7-3820QM,GeForce GT 650M,2512,15,Silver
A1398,661-8310,MacBookPro11.2,Late 2013,ME293LL/A,2.0 GHz Core i7-4750HQ,Iris Pro 5200,2674,15,Silver
A1398,661-8310,MacBookPro11.3,Late 2013,ME294LL/A,2.3 GHz Core i7-4850HQ,GeForce GT 750M,2745,15,Silver
A1398,661-8310,MacBookPro11.2,Late 2013,BTO,2.3 GHz Core i7-4850HQ,Iris Pro 5200,2674,15,Silver
A1398,661-8310,MacBookPro11.3,Late 2013,ME874LL/A,2.6 GHz Core i7-4960HQ,GeForce GT 750M,2745,15,Silver
A1398,661-8310,MacBookPro11.2,Late 2013,BTO,2.6 GHz Core i7-4960HQ,Iris Pro 5200,2674,15,Silver
A1398,661-8310,MacBookPro11.2,Mid 2014,MGXA2LL/A,2.2 GHz Core i7-4770HQ,Iris Pro 5200,2876,15,Silver
A1398,661-8310,MacBookPro11.2,Mid 2014,MGXC2LL/A,2.5 GHz Core i7-4870HQ,GeForce GT 750M,2881,15,Silver
A1398,661-8310,MacBookPro11.2,Mid 2014,BTO,2.5 GHz Core i7-4870HQ,Iris Pro 5200,2876,15,Silver
A1398,661-8310,MacBookPro11.3,Mid 2014,MGXG2LL/A,2.8 GHz Core i7-4980HQ,GeForce GT 750M,2881,15,Silver
A1398,661-8310,MacBookPro11.3,Mid 2014,BTO,2.8 GHz Core i7-4980HQ,Iris Pro 5200,2881,15,Silver
A1398,661-02532,MacBookPro11.4,Mid 2015,MJLQ2LL/A,2.2 GHz Core i7-4770HQ,Iris Pro 5200,2909,15,Silver
A1398,661-02532,MacBookPro11.4,Mid 2015,BTO,2.5 GHz Core i7-4870HQ,Iris Pro 5200,2909,15,Silver
A1398,661-02532,MacBookPro11.4,Mid 2015,BTO,2.8 GHz Core i7-4980HQ,Iris Pro 5200,2909,15,Silver
A1398,661-02532,MacBookPro11.5,Mid 2015,MJLT2LL/A,2.5 GHz Core i7-4870HQ,Radeon R9 M370X,2910,15,Silver
A1398,661-02532,MacBookPro11.5,Mid 2015,MJLU2LL/A,2.8 GHz Core i7-4980HQ,Radeon R9 M370X,2910,15,Silver
! A1425
A1425,661-7014,MacBookPro10.2,Late 2012,MD212LL/A,2.5 GHz Core i5-3210M,HD Graphics 4000,2557,13,Silver
A1425,661-7014,MacBookPro10.2,Late 2012,MD213LL/A,2.5 GHz Core i5-3210M,HD Graphics 4000,2557,13,Silver
A1425,661-7014,MacBookPro10.2,Late 2012,ME116LL/A,2.9 GHz Core i7-3210M,HD Graphics 4000,2557,13,Silver
A1425,661-7014,MacBookPro10.2,Early 2013,ME662LL/A,2.6 GHz Core i5-3230M,HD Graphics 4000,2672,13,Silver
A1425,661-7014,MacBookPro10.2,Early 2013,BTO,3.0 GHz Core i7-3540M,HD Graphics 4000,2672,13,Silver
! A1465
A1465,661-6624,MacBookAir5.1,Mid 2012,MD223LL/A,1.7 GHz Core i5-3317U,HD Graphics 4000,2558,11,Silver
A1465,661-6624,MacBookAir5.1,Mid 2012,MD224LL/A,1.7 GHz Core i5-3317U,HD Graphics 4000,2558,11,Silver
A1465,661-6624,MacBookAir5.1,Mid 2012,MD845LL/A,2.0 GHz Core i7-3667U,HD Graphics 4000,2558,11,Silver
A1465,661-7468,MacBookAir6.1,Mid 2013,MD711LL/A,1.3 GHz Core i5-4250U,HD Graphics 5000,2631,11,Silver
A1465,661-7468,MacBookAir6.1,Mid 2013,MD712LL/A,1.3 GHz Core i5-4250U,HD Graphics 5000,2631,11,Silver
A1465,661-7468,MacBookAir6.1,Mid 2013,BTO,1.7 GHz Core i5-4250U,HD Graphics 5000,2631,11,Silver
A1465,661-7468,MacBookAir6.1,Early 2014,MD711LL/B,1.4 GHz Core i5-4260U,HD Graphics 5000,2631,11,Silver
A1465,661-7468,MacBookAir6.1,Early 2014,MD712LL/B,1.4 GHz Core i5-4260U,HD Graphics 5000,2631,11,Silver
A1465,661-7468,MacBookAir6.1,Early 2014,MF067LL/A,1.7 GHz Core i7-4650U,HD Graphics 5000,2631,11,Silver
A1465,661-02345,MacBookAir7.1,Early 2015,MJVM2LL/A,1.6 GHz Core i5-5250U,HD Graphics 6000,2924,11,Silver
A1465,661-02345,MacBookAir7.1,Early 2015,MJVP2LL/A,1.6 GHz Core i5-5250U,HD Graphics 6000,2924,11,Silver
A1465,661-02345,MacBookAir7.1,Early 2015,BTO,2.2 GHz Core i7-5250U,HD Graphics 6000,2924,11,Silver
! A1466
A1466,661-6630,MacBookAir5.2,Mid 2012,MD231LL/A,1.8 GHz Core i5-3427U,HD Graphics 4000,2559,13,Silver
A1466,661-6630,MacBookAir5.2,Mid 2012,MD846LL/A,2.0 GHz Core i7-3667U,HD Graphics 4000,2559,13,Silver
A1466,661-7475,MacBookAir6.2,Mid 2013,MD760LL/A,1.3 GHz Core i5-4250U,HD Graphics 5000,2632,13,Silver
A1466,661-7475,MacBookAir6.2,Mid 2013,MD761LL/A,1.3 GHz Core i5-4250U,HD Graphics 5000,2632,13,Silver
A1466,661-7475,MacBookAir6.2,Mid 2013,BTO,1.7 GHz Core i7-4650U,HD Graphics 5000,2632,13,Silver
A1466,661-7475,MacBookAir6.2,Early 2014,MD760LL/B,1.4 GHz Core i5-4260U,HD Graphics 5000,2632,13,Silver
A1466,661-7475,MacBookAir6.2,Early 2014,MD761LL/B,1.4 GHz Core i5-4260U,HD Graphics 5000,2632,13,Silver
A1466,661-7475,MacBookAir6.2,Early 2014,MF068LL/A,1.7 GHz Core i7-4650U,HD Graphics 5000,2632,13,Silver
A1466,661-02397,MacBookAir7.2,Early 2015,MJVE2LL/A,1.6 GHz Core i5-5250U,HD Graphics 6000,2925,13,Silver
A1466,661-02397,MacBookAir7.2,Early 2015,MJVG2LL/A,1.6 GHz Core i5-5250U,HD Graphics 6000,2925,13,Silver
A1466,661-02397,MacBookAir7.2,Early 2015,MMGF2LL/A,1.6 GHz Core i5-5250U,HD Graphics 6000,2925,13,Silver
A1466,661-02397,MacBookAir7.2,Early 2015,MMGG2LL/A,1.6 GHz Core i5-5250U,HD Graphics 6000,2925,13,Silver
A1466,661-02397,MacBookAir7.2,Early 2015,BTO,2.2 GHz Core i7-5650U,HD Graphics 6000,2925,13,Silver
A1466,661-02397,MacBookAir7.2,Mid 2017,MQD32LL/A,1.8 GHz Core i5-5350U,HD Graphics 6000,3178,13,Silver
A1466,661-02397,MacBookAir7.2,Mid 2017,MQD42LL/A,1.8 GHz Core i5-5350U,HD Graphics 6000,3178,13,Silver
A1466,661-02397,MacBookAir7.2,Mid 2017,Z0UU1LL/A,2.2 GHz Core i7-5650U,HD Graphics 6000,3178,13,Silver
! A1502
A1502,661-8153,MacBookPro11.1,Late 2013,ME864LL/A,2.4 GHz Core i5-4258U,Iris 5100,2678,13,Silver
A1502,661-8153,MacBookPro11.1,Late 2013,ME865LL/A,2.4 GHz Core i5-4258U,Iris 5100,2678,13,Silver
A1502,661-8153,MacBookPro11.1,Late 2013,ME866LL/A,2.6 GHz Core i5-4288U,Iris 5100,2678,13,Silver
A1502,661-8153,MacBookPro11.1,Late 2013,ME867LL/A,2.8 GHz Core i7-4558U,Iris 5100,2678,13,Silver
A1502,661-8153,MacBookPro11.1,Mid 2014,MGX72LL/A,2.6 GHz Core i5-4278U,Iris 5100,2875,13,Silver
A1502,661-8153,MacBookPro11.1,Mid 2014,MGX82LL/A,2.6 GHz Core i5-4278U,Iris 5100,2875,13,Silver
A1502,661-8153,MacBookPro11.1,Mid 2014,MGX92LL/A,2.8 GHz Core i5-4308U,Iris 5100,2875,13,Silver
A1502,661-8153,MacBookPro11.1,Mid 2014,MGXD2LL/A,3.0 GHz Core i7-4578U,Iris 5100,2875,13,Silver
A1502,661-02360,MacBookPro12.1,Early 2015,MF839LL/A,2.7 GHz Core i5-5257U,Iris Graphics 6100,2835,13,Silver
A1502,661-02360,MacBookPro12.1,Early 2015,MF840LL/A,2.7 GHz Core i5-5257U,Iris Graphics 6100,2835,13,Silver
A1502,661-02360,MacBookPro12.1,Early 2015,MF841LL/A,2.9 GHz Core i5-5287U,Iris Graphics 6100,2835,13,Silver
A1502,661-02360,MacBookPro12.1,Early 2015,MF843LL/A,3.1 GHz Core i7-5557U,Iris Graphics 6100,2835,13,Silver
! A1534
A1534,661-02241,MacBook8.1,Early 2015,MF855LL/A,1.1 GHz Core M-5Y31,HD Graphics 5300,2746,12,Silver
A1534,661-02241,MacBook8.1,Early 2015,MF865LL/A,1.2 GHz Core M-5Y51,HD Graphics 5300,2746,12,Silver
A1534,661-02241,MacBook8.1,Early 2015,BTO,1.3 GHz Core M-5Y71,HD Graphics 5300,2746,12,Silver
A1534,661-02248,MacBook8.1,Early 2015,MK4M2LL/A,1.1 GHz Core M-5Y31,HD Graphics 5300,2746,12,Gold
A1534,661-02248,MacBook8.1,Early 2015,MK4N2LL/A,1.2 GHz Core M-5Y51,HD Graphics 5300,2746,12,Gold
A1534,661-02248,MacBook8.1,Early 2015,BTO,1.3 GHz Core M-5Y71,HD Graphics 5300,2746,12,Gold
A1534,661-02266,MacBook8.1,Early 2015,MJY32LL/A,1.1 GHz Core M-5Y31,HD Graphics 5300,2746,12,SG
A1534,661-02266,MacBook8.1,Early 2015,MJY42LL/A,1.2 GHz Core M-5Y51,HD Graphics 5300,2746,12,SG
A1534,661-02266,MacBook8.1,Early 2015,BTO,1.3 GHz Core M-5Y71,HD Graphics 5300,2746,12,SG
A1534,661-04744,MacBook9.1,Early 2016,MLHA2LL/A,1.1 GHz Core M3-6Y30,HD Graphics 515,2991,12,Silver
A1534,661-04744,MacBook9.1,Early 2016,MLHC2LL/A,1.2 GHz Core M5-6Y54,HD Graphics 515,2991,12,Silver
A1534,661-04744,MacBook9.1,Early 2016,BTO,1.3 GHz Core M7-6Y75,HD Graphics 515,2991,12,Silver
A1534,661-04745,MacBook9.1,Early 2016,MLHE2LL/A,1.1 GHz Core M3-6Y30,HD Graphics 515,2991,12,Gold
A1534,661-04745,MacBook9.1,Early 2016,MLHF2LL/A,1.2 GHz Core M5-6Y54,HD Graphics 515,2991,12,Gold
A1534,661-04745,MacBook9.1,Early 2016,BTO,1.3 GHz Core M7-6Y75,HD Graphics 515,2991,12,Gold
A1534,661-04746,MacBook9.1,Early 2016,MLH72LL/A,1.1 GHz Core M3-6Y30,HD Graphics 515,2991,12,SG
A1534,661-04746,MacBook9.1,Early 2016,MLH82LL/A,1.2 GHz Core M5-6Y54,HD Graphics 515,2991,12,SG
A1534,661-04746,MacBook9.1,Early 2016,BTO,1.3 GHz Core M7-6Y75,HD Graphics 515,2991,12,SG
A1534,661-04852,MacBook9.1,Early 2016,MMGL2LL/A,1.1 GHz Core M3-6Y30,HD Graphics 515,2991,12,Rose Gold
A1534,661-04852,MacBook9.1,Early 2016,MMGM2LL/A,1.2 GHz Core M5-6Y54,HD Graphics 515,2991,12,Rose Gold
A1534,661-04852,MacBook9.1,Early 2016,BTO,1.3 GHz Core M7-6Y75,HD Graphics 515,2991,12,Rose Gold
A1534,661-06785,MacBook10.1,Mid 2017,MNYF2LL/A,1.2 GHz Core M3-7Y32,HD Graphics 615,3099,12,SG
A1534,661-06785,MacBook10.1,Mid 2017,MNYG2LL/A,1.3 GHz Core i5-7Y54,HD Graphics 615,3099,12,SG
A1534,661-06785,MacBook10.1,Mid 2017,BTO,1.4 GHz Core i7-7Y75,HD Graphics 615,3099,12,SG
A1534,661-06786,MacBook10.1,Mid 2017,MNYH2LL/A,1.2 GHz Core M3-7Y32,HD Graphics 615,3099,12,Silver
A1534,661-06786,MacBook10.1,Mid 2017,MNYJ2LL/A,1.3 GHz Core i5-7Y54,HD Graphics 615,3099,12,Silver
A1534,661-06786,MacBook10.1,Mid 2017,BTO,1.4 GHz Core i7-7Y75,HD Graphics 615,3099,12,Silver
A1534,661-06787,MacBook10.1,Mid 2017,MNYK2LL/A,1.2 GHz Core M3-7Y32,HD Graphics 615,3099,12,Gold
A1534,661-06787,MacBook10.1,Mid 2017,MNYL2LL/A,1.3 GHz Core i5-7Y54,HD Graphics 615,3099,12,Gold
A1534,661-06787,MacBook10.1,Mid 2017,BTO,1.4 GHz Core i7-7Y75,HD Graphics 615,3099,12,Gold
A1534,661-06788,MacBook10.1,Mid 2017,MNYM2LL/A,1.2 GHz Core M3-7Y32,HD Graphics 615,3099,12,Rose Gold
A1534,661-06788,MacBook10.1,Mid 2017,MNYN2LL/A,1.3 GHz Core i5-7Y54,HD Graphics 615,3099,12,Rose Gold
A1534,661-06788,MacBook10.1,Mid 2017,BTO,1.4 GHz Core i7-7Y75,HD Graphics 615,3099,12,Rose Gold
! A1706
A1706,661-05323,MacBookPro13.2,Late 2016,MLH12LL/A,2.9 GHz Core i5-6267U,Iris Graphics 550,3071,13,SG
A1706,661-05323,MacBookPro13.2,Late 2016,MNQF2LL/A,2.9 GHz Core i5-6267U,Iris Graphics 550,3071,13,SG
A1706,661-05323,MacBookPro13.2,Late 2016,BTO,3.1 GHz Core i5-6287U,Iris Graphics 550,3071,13,SG
A1706,661-05323,MacBookPro13.2,Late 2016,BTO,3.3 GHz Core i7-6567U,Iris Graphics 550,3071,13,SG
A1706,661-05324,MacBookPro13.2,Late 2016,MLVP2LL/A,2.9 GHz Core i5-6267U,Iris Graphics 550,3071,13,Silver
A1706,661-05324,MacBookPro13.2,Late 2016,MNQG2LL/A,2.9 GHz Core i5-6267U,Iris Graphics 550,3071,13,Silver
A1706,661-05324,MacBookPro13.2,Late 2016,BTO,3.1 GHz Core i5-6287U,Iris Graphics 550,3071,13,Silver
A1706,661-05324,MacBookPro13.2,Late 2016,BTO,3.3 GHz Core i7-6567U,Iris Graphics 550,3071,13,Silver
A1706,661-07970,MacBookPro14.2,Mid 2017,MPXV2LL/A,3.1 GHz Core i5-7267U,Iris Plus Graphics 650,3163,13,SG
A1706,661-07970,MacBookPro14.2,Mid 2017,MPXW2LL/A,3.1 GHz Core i5-7267U,Iris Plus Graphics 650,3163,13,SG
A1706,661-07970,MacBookPro14.2,Mid 2017,BTO,3.3 GHz Core i5-7287U,Iris Plus Graphics 650,3163,13,SG
A1706,661-07970,MacBookPro14.2,Mid 2017,BTO,3.5 GHz Core i7-7567U,Iris Plus Graphics 650,3163,13,SG
A1706,661-07971,MacBookPro14.2,Mid 2017,MPXV2LL/A,3.1 GHz Core i5-7267U,Iris Plus Graphics 650,3163,13,Silver
A1706,661-07971,MacBookPro14.2,Mid 2017,MPXW2LL/A,3.1 GHz Core i5-7267U,Iris Plus Graphics 650,3163,13,Silver
A1706,661-07971,MacBookPro14.2,Mid 2017,BTO,3.3 GHz Core i5-7287U,Iris Plus Graphics 650,3163,13,Silver
A1706,661-07971,MacBookPro14.2,Mid 2017,BTO,3.5 GHz Core i7-7567U,Iris Plus Graphics 650,3163,13,Silver
! A1707
A1707,661-06375,MacBookPro13.3,Late 2016,MLH32LL/A,2.6 GHz Core i7-6700HQ,Radeon Pro 450,3072,15,SG
A1707,661-06375,MacBookPro13.3,Late 2016,MLH42LL/A,2.7 GHz Core i7-6820HQ,Radeon Pro 455,3072,15,SG
A1707,661-06375,MacBookPro13.3,Late 2016,BTO,2.9 GHz Core i7-6920HQ,Radeon Pro 450/455,3072,15,SG
A1707,661-06376,MacBookPro13.3,Late 2016,MLW72LL/A,2.6 GHz Core i7-6700HQ,Radeon Pro 450,3072,15,Silver
A1707,661-06376,MacBookPro13.3,Late 2016,MLW82LL/A,2.7 GHz Core i7-6820HQ,Radeon Pro 455,3072,15,Silver
A1707,661-06376,MacBookPro13.3,Late 2016,BTO,2.9 GHz Core i7-6920HQ,Radeon Pro 450/455,3072,15,Silver
A1707,661-08030,MacBookPro14.3,Mid 2017,MPTR2LL/A,2.8 GHz Core i7-7700HQ,Radeon Pro 555,3162,15,SG
A1707,661-08030,MacBookPro14.3,Mid 2017,MPTT2LL/A,2.9 GHz Core i7-7820HQ,Radeon Pro 560,3162,15,SG
A1707,661-08030,MacBookPro14.3,Mid 2017,BTO,3.1 GHz Core i7-7920HQ,Radeon Pro 555/560,3162,15,SG
A1707,661-08031,MacBookPro14.3,Mid 2017,MPTU2LL/A,2.8 GHz Core i7-7700HQ,Radeon Pro 555,3162,15,Silver
A1707,661-08031,MacBookPro14.3,Mid 2017,MPTV2LL/A,2.9 GHz Core i7-7820HQ,Radeon Pro 560,3162,15,Silver
A1707,661-08031,MacBookPro14.3,Mid 2017,BTO,3.1 GHz Core i7-7920HQ,Radeon Pro 555/560,3162,15,Silver
! A1708
A1708,661-05095,MacBookPro13.1,Late 2016,MLL42LL/A,2.0 GHz Core i5-6360U,Iris Graphics 540,2978,13,SG
A1708,661-05095,MacBookPro13.1,Late 2016,BTO,2.4 GHz Core i7-6660U,Iris Graphics 540,2978,13,SG
A1708,661-05095,MacBookPro14.1,Mid 2017,MPXQ2LL/A,2.3 GHz Core i5-7360U,Iris Plus Graphics 640,3164,13,SG
A1708,661-05095,MacBookPro14.1,Mid 2017,MPXT2LL/A,2.3 GHz Core i5-7360U,Iris Plus Graphics 640,3164,13,SG
A1708,661-05095,MacBookPro14.1,Mid 2017,BTO,2.5 GHz Core i7-7660U,Iris Plus Graphics 640,3164,13,SG
A1708,661-05096,MacBookPro13.1,Late 2016,MLUQ2LL/A,2.0 GHz Core i5-6360U,Iris Graphics 540,2978,13,Silver
A1708,661-05096,MacBookPro13.1,Late 2016,BTO,2.4 GHz Core i7-6660U,Iris Graphics 540,2978,13,Silver
A1708,661-05096,MacBookPro14.1,Mid 2017,MPXR2LL/A,2.3 GHz Core i5-7360U,Iris Plus Graphics 640,3164,13,Silver
A1708,661-05096,MacBookPro14.1,Mid 2017,MPXU2LL/A,2.3 GHz Core i5-7360U,Iris Plus Graphics 640,3164,13,Silver
A1708,661-05096,MacBookPro14.1,Mid 2017,BTO,2.5 GHz Core i7-7660U,Iris Plus Graphics 640,3164,13,Silver
! A1932
A1932,661-09733,MacBookAir8.1,Late 2018,MRE82LL/A,1.6 GHz Core i5-8210Y,UHD Graphics 617,3184,13,SG
A1932,661-09733,MacBookAir8.1,Late 2018,MRE92LL/A,1.6 GHz Core i5-8210Y,UHD Graphics 617,3184,13,SG
A1932,661-09734,MacBookAir8.1,Late 2018,MREA2LL/A,1.6 GHz Core i5-8210Y,UHD Graphics 617,3184,13,Silver
A1932,661-09734,MacBookAir8.1,Late 2018,MREC2LL/A,1.6 GHz Core i5-8210Y,UHD Graphics 617,3184,13,Silver
A1932,661-09735,MacBookAir8.1,Late 2018,MREE2LL/A,1.6 GHz Core i5-8210Y,UHD Graphics 617,3184,13,Gold
A1932,661-09735,MacBookAir8.1,Late 2018,MREF2LL/A,1.6 GHz Core i5-8210Y,UHD Graphics 617,3184,13,Gold
A1932,661-12586,MacBookAir8.2,Mid 2019,MVFH2LL/A,1.6 GHz Core i5-8210Y,UHD Graphics 617,3184,13,SG
A1932,661-12586,MacBookAir8.2,Mid 2019,MVFJ2LL/A,1.6 GHz Core i5-8210Y,UHD Graphics 617,3184,13,SG
A1932,661-12587,MacBookAir8.2,Mid 2019,MVFK2LL/A,1.6 GHz Core i5-8210Y,UHD Graphics 617,3184,13,Silver
A1932,661-12587,MacBookAir8.2,Mid 2019,MVFL2LL/A,1.6 GHz Core i5-8210Y,UHD Graphics 617,3184,13,Silver
A1932,661-12588,MacBookAir8.2,Mid 2019,MVFM2LL/A,1.6 GHz Core i5-8210Y,UHD Graphics 617,3184,13,Gold
A1932,661-12588,MacBookAir8.2,Mid 2019,MVFN2LL/A,1.6 GHz Core i5-8210Y,UHD Graphics 617,3184,13,Gold
! A1989/A2159
A1989,661-10037,MacBookPro15.2,Mid 2018,MR9Q2LL/A,2.3 GHz Core i5-8259U,Iris Plus Graphics 655,3214,13,SG
A1989,661-10037,MacBookPro15.2,Mid 2018,MR9R2LL/A,2.3 GHz Core i5-8259U,Iris Plus Graphics 655,3214,13,SG
A1989,661-10037,MacBookPro15.2,Mid 2018,BTO,2.7 GHz Core i7-8559U,Iris Plus Graphics 655,3214,13,SG
A1989,661-10357,MacBookPro15.2,Mid 2018,MR9U2LL/A,2.3 GHz Core i5-8259U,Iris Plus Graphics 655,3214,13,Silver
A1989,661-10357,MacBookPro15.2,Mid 2018,MR9V2LL/A,2.3 GHz Core i5-8259U,Iris Plus Graphics 655,3214,13,Silver
A1989,661-10357,MacBookPro15.2,Mid 2018,BTO,2.7 GHz Core i7-8559U,Iris Plus Graphics 655,3214,13,Silver
A1989/A2159,661-12829,MacBookPro15.2,Mid 2019,MV962LL/A,2.4 GHz Core i5-8279U,Iris Plus Graphics 655,3358,13,SG
A1989/A2159,661-12829,MacBookPro15.2,Mid 2019,MV972LL/A,2.4 GHz Core i5-8279U,Iris Plus Graphics 655,3358,13,SG
A1989/A2159,661-12829,MacBookPro15.2,Mid 2019,BTO,2.8 GHz Core i7-8569U,Iris Plus Graphics 655,3358,13,SG
A1989/A2159,661-12830,MacBookPro15.2,Mid 2019,MV962LL/A,2.4 GHz Core i5-8279U,Iris Plus Graphics 655,3358,13,Silver
A1989/A2159,661-12830,MacBookPro15.2,Mid 2019,MV972LL/A,2.4 GHz Core i5-8279U,Iris Plus Graphics 655,3358,13,Silver
A1989/A2159,661-12830,MacBookPro15.2,Mid 2019,BTO,2.8 GHz Core i7-8569U,Iris Plus Graphics 655,3358,13,Silver
! A1990
A1990,661-10355,MacBookPro15.1,Mid 2018,MR932LL/A,2.2 GHz Core i7-8750H,Radeon Pro 555X,3215,15,SG
A1990,661-10355,MacBookPro15.1,Mid 2018,MR942LL/A,2.6 GHz Core i7-8850H,Radeon Pro 560X/Radeon Pro Vega 16/20,3215,15,SG
A1990,661-10355,MacBookPro15.3,Mid 2018,BTO,2.6 GHz Core i7-8850H,Radeon Pro Vega 16/20,3215,15,SG
A1990,661-10355,MacBookPro15.1,Mid 2018,BTO,2.9 GHz Core i9-8950HK,Radeon Pro Vega 16/20,3215,15,SG
A1990,661-10355,MacBookPro15.3,Mid 2018,BTO,2.9 GHz Core i9-8950HK,Radeon Pro Vega 16/20,3215,15,SG
A1990,661-10355,MacBookPro15.1,Mid 2019,MV912LL/A,2.3 GHz Core i9-9880H,Radeon Pro 560X,3359,15,SG
A1990,661-10355,MacBookPro15.3,Mid 2019,BTO,2.3 GHz Core i9-9880H,Radeon Pro Vega 16/20,3359,15,SG
A1990,661-10355,MacBookPro15.1,Mid 2019,BTO,2.4 GHz Core i9-9980HK,Radeon Pro 555X/560X,3359,15,SG
A1990,661-10355,MacBookPro15.3,Mid 2019,BTO,2.4 GHz Core i9-9980HK,Radeon Pro Vega 16/20,3359,15,SG
A1990,661-10355,MacBookPro15.1,Mid 2019,MV902LL/A,2.6 GHz Core i7-9750H,Radeon Pro 555X,3359,15,SG
A1990,661-10356,MacBookPro15.1,Mid 2018,MR962LL/A,2.2 GHz Core i7-8750H,Radeon Pro 555X,3215,15,Silver
A1990,661-10356,MacBookPro15.1,Mid 2018,MR972LL/A,2.6 GHz Core i7-8850H,Radeon Pro 560X/Radeon Pro Vega 16/20,3215,15,Silver
A1990,661-10356,MacBookPro15.3,Mid 2018,BTO,2.6 GHz Core i7-8850H,Radeon Pro Vega 16/20,3215,15,Silver
A1990,661-10356,MacBookPro15.1,Mid 2018,BTO,2.9 GHz Core i9-8950H,Radeon Pro Vega 16/20,3215,15,Silver
A1990,661-10356,MacBookPro15.3,Mid 2018,BTO,2.9 GHz Core i9-8950H,Radeon Pro Vega 16/20,3215,15,Silver
A1990,661-10356,MacBookPro15.1,Mid 2019,MV932LL/A,2.3 GHz Core i9-9880H,Radeon Pro 560X,3359,15,Silver
A1990,661-10356,MacBookPro15.3,Mid 2019,BTO,2.3 GHz Core i9-9880H,Radeon Pro Vega 16/20,3359,15,Silver
A1990,661-10356,MacBookPro15.1,Mid 2019,BTO,2.4 GHz Core i9-9980HK,Radeon Pro 555X/560X,3359,15,Silver
A1990,661-10356,MacBookPro15.3,Mid 2019,BTO,2.4 GHz Core i9-9980HK,Radeon Pro Vega 16/20,3359,15,Silver
A1990,661-10356,MacBookPro15.1,Mid 2019,MV922LL/A,2.6 GHz Core i7-9750H,Radeon Pro 555X,3359,15,Silver
! A2141
A2141,661-14200,MacBookPro16.1,2019,MVVK2LL/A,2.3 GHz Core i9-9880H,Radeon Pro 5500M,3347,16,SG
A2141,661-14200,MacBookPro16.1,2019,BTO,2.4 GHz Core i9-9980HK,Radeon Pro 5300M/5500M,3347,16,SG
A2141,661-14200,MacBookPro16.1,2019,MVVJ2LL/A,2.6 GHz Core i7-9750H,Radeon Pro 5300M,3347,16,SG
A2141,661-14200,MacBookPro16.4,2020,BTO,2.3 GHz Core i9-9880H,Radeon Pro 5600M,3347,16,SG
A2141,661-14200,MacBookPro16.4,2020,BTO,2.6 GHz Core i7-9750H,Radeon Pro 5600M,3347,16,SG
A2141,661-14200,MacBookPro16.4,2020,BTO,2.4 GHz Core i9-9980HK,Radeon Pro 5600M,3347,16,SG
A2141,661-14201,MacBookPro16.1,2019,MVVM2LL/A,2.3 GHz Core i9-9880H,Radeon Pro 5500M,3347,16,Silver
A2141,661-14201,MacBookPro16.1,2019,BTO,2.4 GHz Core i9-9980HK,Radeon Pro 5300M/5500M,3347,16,Silver
A2141,661-14201,MacBookPro16.1,2019,MVVL2LL/A,2.6 GHz Core i7-9750H,Radeon Pro 5300M,3347,16,Silver
A2141,661-14201,MacBookPro16.4,2020,BTO,2.3 GHz Core i9-9880H,Radeon Pro 5600M,3347,16,Silver
A2141,661-14201,MacBookPro16.4,2020,BTO,2.6 GHz Core i7-9750H,Radeon Pro 5600M,3347,16,Silver
A2141,661-14201,MacBookPro16.4,2020,BTO,2.4 GHz Core i9-9980HK,Radeon Pro 5600M,3347,16,Silver
! A2159/A1989
A2159,661-12829,MacBookPro15.4,2019,MUHN2LL/A,1.4 GHz Core i5-8257U,Iris Plus Graphics 645,3301,13,SG
A2159,661-12829,MacBookPro15.4,2019,MUHP2LL/A,1.4 GHz Core i5-8257U,Iris Plus Graphics 645,3301,13,SG
A2159/A1989,661-12829,MacBookPro15.2,Mid 2019,MV962LL/A,2.4 GHz Core i5-8279U,Iris Plus Graphics 655,3358,13,SG
A2159/A1989,661-12829,MacBookPro15.2,Mid 2019,MV972LL/A,2.4 GHz Core i5-8279U,Iris Plus Graphics 655,3358,13,SG
A2159/A1989,661-12829,MacBookPro15.2,Mid 2019,BTO,2.8 GHz Core i7-8569U,Iris Plus Graphics 655,3358,13,SG
A2159,661-12830,MacBookPro15.4,2019,MUHQ2LL/A,1.4 GHz Core i5-8257U,Iris Plus Graphics 655,3301,13,Silver
A2159,661-12830,MacBookPro15.4,2019,MUHR2LL/A,1.4 GHz Core i5-8257U,Iris Plus Graphics 655,3301,13,Silver
A2159/A1989,661-12830,MacBookPro15.2,Mid 2019,MV962LL/A,2.4 GHz Core i5-8279U,Iris Plus Graphics 655,3358,13,Silver
A2159/A1989,661-12830,MacBookPro15.2,Mid 2019,MV972LL/A,2.4 GHz Core i5-8279U,Iris Plus Graphics 655,3358,13,Silver
A2159/A1989,661-12830,MacBookPro15.2,Mid 2019,BTO,2.8 GHz Core i7-8569U,Iris Plus Graphics 655,3358,13,Silver
! A2179
A2179,661-15389,MacBookAir9.1,2020,MWTJ2LL/A,1.1GHz Core i3-1000NG4,Iris Plus,3302,13,SG
A2179,661-15389,MacBookAir9.1,2020,MVH22LL/A,1.1GHz Core i5-1030NG7,Iris Plus,3302,13,SG
A2179,661-15389,MacBookAir9.1,2020,BTO,1.2GHz Core i7-1060NG7,Iris Plus,3302,13,SG
A2179,661-15390,MacBookAir9.1,2020,MWTK2LL/A,1.1GHz Core i3-1000NG4,Iris Plus,3302,13,Silver
A2179,661-15390,MacBookAir9.1,2020,MVH42LL/A,1.1GHz Core i5-1030NG7,Iris Plus,3302,13,Silver
A2179,661-15390,MacBookAir9.1,2020,BTO,1.2GHz Core i7-1060NG7,Iris Plus,3302,13,Silver
A2179,661-15391,MacBookAir9.1,2020,MWTK2LL/A,1.1GHz Core i3-1000NG4,Iris Plus,3302,13,Gold
A2179,661-15391,MacBookAir9.1,2020,MVH42LL/A,1.1GHz Core i5-1030NG7,Iris Plus,3302,13,Gold
A2179,661-15391,MacBookAir9.1,2020,BTO,1.2GHz Core i7-1060NG7,Iris Plus,3302,13,Gold
! A2251/A2289
A2251/A2289,661-15732,MacBookPro16.2,2020,MWP42LL/A,2.0 GHz Core i5-1038NG7,Iris Plus,3348,13,SG
A2251/A2289,661-15732,MacBookPro16.2,2020,MWP52LL/A,2.0 GHz Core i5-1038NG7,Iris Plus,3348,13,SG
A2251/A2289,661-15732,MacBookPro16.2,2020,BTO,2.3 GHz Core i7-1068NG7,Iris Plus,3348,13,SG
A2251/A2289,661-15732,MacBookPro16.3,2020,MXK32LL/A,1.4 GHz Core i5-8257U,Iris Plus,3456,13,SG
A2251/A2289,661-15732,MacBookPro16.3,2020,MXK52LL/A,1.4 GHz Core i5-8257U,Iris Plus,3456,13,SG
A2251/A2289,661-15732,MacBookPro16.3,2020,BTO,1.7 GHz Core i7-8357U,Iris Plus,3456,13,SG
A2251/A2289,661-15733,MacBookPro16.2,2020,MXK32LL/A,1.4 GHz Core i5-8257U,Iris Plus,3456,13,Silver
A2251/A2289,661-15733,MacBookPro16.2,2020,MXK52LL/A,1.4 GHz Core i5-8257U,Iris Plus,3456,13,Silver
A2251/A2289,661-15733,MacBookPro16.2,2020,BTO,1.7 GHz Core i7-8357U,Iris Plus,3456,13,Silver
A2251/A2289,661-15733,MacBookPro16.3,2020,MWP72LL/A,2.0 GHz Core i5-1038NG7,Iris Plus,3348,13,Silver
A2251/A2289,661-15733,MacBookPro16.3,2020,MWP82LL/A,2.0 GHz Core i5-1038NG7,Iris Plus,3348,13,Silver
A2251/A2289,661-15733,MacBookPro16.3,2020,BTO,2.3 GHz Core i7-1068NG7,Iris Plus,3348,13,Silver
! A2289/A2251
A2251/A2289,661-15732,MacBookPro16.2,2020,MWP42LL/A,2.0 GHz Core i5-1038NG7,Iris Plus,3348,13,SG
A2251/A2289,661-15732,MacBookPro16.2,2020,MWP52LL/A,2.0 GHz Core i5-1038NG7,Iris Plus,3348,13,SG
A2251/A2289,661-15732,MacBookPro16.2,2020,BTO,2.3 GHz Core i7-1068NG7,Iris Plus,3348,13,SG
A2289/A2251,661-15732,MacBookPro16.3,2020,MXK32LL/A,1.4 GHz Core i5-8257U,Iris Plus Graphics 645,3456,13,SG
A2289/A2251,661-15732,MacBookPro16.3,2020,MXK52LL/A,1.4 GHz Core i5-8257U,Iris Plus Graphics 645,3456,13,SG
A2289/A2251,661-15732,MacBookPro16.3,2020,BTO,1.7 GHz Core i7-8357U,Iris Plus Graphics 645,3456,13,SG
A2251/A2289,661-15733,MacBookPro16.3,2020,MWP72LL/A,2.0 GHz Core i5-1038NG7,Iris Plus,3348,13,Silver
A2251/A2289,661-15733,MacBookPro16.3,2020,MWP82LL/A,2.0 GHz Core i5-1038NG7,Iris Plus,3348,13,Silver
A2251/A2289,661-15733,MacBookPro16.3,2020,BTO,2.3 GHz Core i7-1068NG7,Iris Plus,3348,13,Silver
A2289/A2251,661-15733,MacBookPro16.2,2020,MXK32LL/A,1.4 GHz Core i5-8257U,Iris Plus Graphics 645,3456,13,Silver
A2289/A2251,661-15733,MacBookPro16.2,2020,MXK52LL/A,1.4 GHz Core i5-8257U,Iris Plus Graphics 645,3456,13,Silver
A2289/A2251,661-15733,MacBookPro16.2,2020,BTO,1.7 GHz Core i7-8357U,Iris Plus Graphics 645,3456,13,Silver
! A2337
A2337,661-16806,MacBookAir10.1,2020,MGN63LL/A,3.2 GHz Apple M1 (8 Core),Apple M1 (7 Core),3598,13,SG
A2337,661-16806,MacBookAir10.1,2020,MGN73LL/A,3.2 GHz Apple M1 (8 Core),Apple M1 (8 Core),3598,13,SG
A2337,661-16807,MacBookAir10.1,2020,MGN93LL/A,3.2 GHz Apple M1 (8 Core),Apple M1 (7 Core),3598,13,Silver
A2337,661-16807,MacBookAir10.1,2020,MGNA3LL/A,3.2 GHz Apple M1 (8 Core),Apple M1 (8 Core),3598,13,Silver
A2337,661-16808,MacBookAir10.1,2020,MGND3LL/A,3.2 GHz Apple M1 (8 Core),Apple M1 (7 Core),3598,13,Gold
A2337,661-16808,MacBookAir10.1,2020,MGNE3LL/A,3.2 GHz Apple M1 (8 Core),Apple M1 (8 Core),3598,13,Gold
! A2338
A2338,661-17548,MacBookPro17.1,2020,MYD82LL/A,3.2 GHz Apple M1 (8 Core),Apple M1 (8 Core),3578,13,SG
A2338,661-17548,MacBookPro17.1,2020,MYD92LL/A,3.2 GHz Apple M1 (8 Core),Apple M1 (8 Core),3578,13,SG
A2338,661-17548,Mac14.7,2022,MNEH3LL/A,3.49 GHz Apple M2 (8 Core),Apple M2 (10 Core),8162,13,SG
A2338,661-17548,Mac14.7,2022,MNEJ3LL/A,3.49 GHz Apple M2 (8 Core),Apple M2 (10 Core),8162,13,SG
A2338,661-17549,MacBookPro17.1,2020,MYDA2LL/A,3.2 GHz Apple M1 (8 Core),Apple M1 (8 Core),3578,13,Silver
A2338,661-17549,MacBookPro17.1,2020,MYDC2LL/A,3.2 GHz Apple M1 (8 Core),Apple M1 (8 Core),3578,13,Silver
A2338,661-17549,Mac14.7,2022,MNEP3LL/A,3.49 GHz Apple M2 (8 Core),Apple M2 (10 Core),8162,13,Silver
A2338,661-17549,Mac14.7,2022,MNEQ3LL/A,3.49 GHz Apple M2 (8 Core),Apple M2 (10 Core),8162,13,Silver
! A2442
A2442,661-21972,MacBookPro18.3,2021,MKGP3LL/A,3.2 GHz Apple M1 Pro (8 Core),Apple M1 Pro (14 Core),3650,14,SG
A2442,661-21972,MacBookPro18.3,2021,MKGQ3LL/A,3.2 GHz Apple M1 Pro (10 Core),Apple M1 Pro (16 Core),3650,14,SG
A2442,661-21972,MacBookPro18.3,2021,BTO,3.2 GHz Apple M1 Pro (10 Core),Apple M1 Pro (14 Core),3650,14,SG
A2442,661-21972,MacBookPro18.4,2021,BTO,3.2 GHz Apple M1 Max (10 Core),Apple M1 Max (24 Core),3650,14,SG
A2442,661-21972,MacBookPro18.4,2021,BTO,3.2 GHz Apple M1 Max (10 Core),Apple M1 Max (32 Core),3650,14,SG
A2442,661-21973,MacBookPro18.3,2021,MKGR3LL/A,3.2 GHz Apple M1 Pro (8 Core),Apple M1 Pro (14 Core),3650,14,Silver
A2442,661-21973,MacBookPro18.3,2021,MKGT3LL/A,3.2 GHz Apple M1 Pro (10 Core),Apple M1 Pro (16 Core),3650,14,Silver
A2442,661-21973,MacBookPro18.3,2021,BTO,3.2 GHz Apple M1 Pro (10 Core),Apple M1 Pro (14 Core),3650,14,Silver
A2442,661-21973,MacBookPro18.4,2021,BTO,3.2 GHz Apple M1 Max (10 Core),Apple M1 Max (24 Core),3650,14,Silver
A2442,661-21973,MacBookPro18.4,2021,BTO,3.2 GHz Apple M1 Max (10 Core),Apple M1 Max (32 Core),3650,14,Silver
! A2485
A2485,661-21968,MacBookPro18.1,2021,MK183LL/A,3.2 GHz Apple M1 Pro (10 Core),Apple M1 Pro (16 Core),3651,16,SG
A2485,661-21968,MacBookPro18.1,2021,MK193LL/A,3.2 GHz Apple M1 Pro (10 Core),Apple M1 Pro (16 Core),3651,16,SG
A2485,661-21968,MacBookPro18.2,2021,MK1A3LL/A,3.2 GHz Apple M1 Max (10 Core),Apple M1 Max (32 Core),3651,16,SG
A2485,661-21968,MacBookPro18.2,2021,BTO,3.2 GHz Apple M1 Max (10 Core),Apple M1 Max (24 Core),3651,16,SG
A2485,661-21969,MacBookPro18.1,2021,MK1E3LL/A,3.2 GHz Apple M1 Pro (10 Core),Apple M1 Pro (16 Core),3651,16,Silver
A2485,661-21969,MacBookPro18.1,2021,MK1F3LL/A,3.2 GHz Apple M1 Pro (10 Core),Apple M1 Pro (16 Core),3651,16,Silver
A2485,661-21969,MacBookPro18.2,2021,MK1H3LL/A,3.2 GHz Apple M1 Max (10 Core),Apple M1 Max (32 Core),3651,16,Silver
A2485,661-21969,MacBookPro18.2,2021,BTO,3.2 GHz Apple M1 Max (10 Core),Apple M1 Max (24 Core),3651,16,Silver
! A2681
A2681,661-25797,Mac14.2,2022,MLXW3LL/A,3.49 GHz Apple M2 (8 Core),Apple M2 (8 Core),4074,13,SG
A2681,661-25797,Mac14.2,2022,MC7U4LL/A,3.49 GHz Apple M2 (8 Core),Apple M2 (8 Core),4074,13,SG
A2681,661-25797,Mac14.2,2022,MLXX3LL/A,3.49 GHz Apple M2 (8 Core),Apple M2 (10 Core),4074,13,SG
A2681,661-25798,Mac14.2,2022,MLXY3LL/A,3.49 GHz Apple M2 (8 Core),Apple M2 (8 Core),4074,13,Silver
A2681,661-25798,Mac14.2,2022,MC7V4LL/A,3.49 GHz Apple M2 (8 Core),Apple M2 (8 Core),4074,13,Silver
A2681,661-25798,Mac14.2,2022,MLY03LL/A,3.49 GHz Apple M2 (8 Core),Apple M2 (10 Core),4074,13,Silver
A2681,661-25799,Mac14.2,2022,MLY13LL/A,3.49 GHz Apple M2 (8 Core),Apple M2 (8 Core),4074,13,Starlight
A2681,661-25799,Mac14.2,2022,MC7W4LL/A,3.49 GHz Apple M2 (8 Core),Apple M2 (8 Core),4074,13,Starlight
A2681,661-25799,Mac14.2,2022,MLY23LL/A,3.49 GHz Apple M2 (8 Core),Apple M2 (10 Core),4074,13,Starlight
A2681,661-25800,Mac14.2,2022,MLY33LL/A,3.49 GHz Apple M2 (8 Core),Apple M2 (8 Core),4074,13,Midnight
A2681,661-25800,Mac14.2,2022,MC7X4LL/A,3.49 GHz Apple M2 (8 Core),Apple M2 (8 Core),4074,13,Midnight
A2681,661-25800,Mac14.2,2022,MLY43LL/A,3.49 GHz Apple M2 (8 Core),Apple M2 (10 Core),4074,13,Midnight
! A2780
A2780,661-32187,Mac14.10,2023,MNW83LL/A,3.49GHz Apple M2 Pro (12 Core),Apple M2 Pro (19 Core),8103,16,SG
A2780,661-32187,Mac14.10,2023,MNW93LL/A,3.49GHz Apple M2 Pro (12 Core),Apple M2 Pro (19 Core),8103,16,SG
A2780,661-32187,Mac14.6,2023,MNWA3LL/A,3.68GHz Apple M2 Max (12 Core),Apple M2 Max (38 Core),8103,16,SG
A2780,661-32187,Mac14.6,2023,BTO,3.68GHz Apple M2 Max (12 Core),Apple M2 Max (30 Core),8103,16,SG
A2780,661-32188,Mac14.10,2023,MNWC3LL/A,3.49GHz Apple M2 Pro (12 Core),Apple M2 Pro (19 Core),8103,16,Silver
A2780,661-32188,Mac14.10,2023,MNWD3LL/A,3.49GHz Apple M2 Pro (12 Core),Apple M2 Pro (19 Core),8103,16,Silver
A2780,661-32188,Mac14.6,2023,MNWE3LL/A,3.68GHz Apple M2 Max (12 Core),Apple M2 Max (38 Core),8103,16,Silver
A2780,661-32188,Mac14.6,2023,BTO,3.68GHz Apple M2 Max (12 Core),Apple M2 Max (30 Core),8103,16,Silver
! A2918
A2918,661-35704,Mac15.3,2023,MTL73LL/A,4.05GHz Apple M3 (8 Core),Apple M3 (10 Core),8304,14,SG
A2918,661-35704,Mac15.3,2023,MTL83LL/A,4.05GHz Apple M3 (8 Core),Apple M3 (10 Core),8304,14,SG
A2918,661-35704,Mac15.3,2023,MXE03LL/A,4.05GHz Apple M3 (8 Core),Apple M3 (10 Core),8304,14,SG
A2918,661-35705,Mac15.3,2023,MR7J3LL/A,4.05GHz Apple M3 (8 Core),Apple M3 (10 Core),8304,14,Silver
A2918,661-35705,Mac15.3,2023,MR7K3LL/A,4.05GHz Apple M3 (8 Core),Apple M3 (10 Core),8304,14,Silver
A2918,661-35705,Mac15.3,2023,MXE13LL/A,4.05GHz Apple M3 (8 Core),Apple M3 (10 Core),8304,14,Silver
! A2941/A3114
A2941/A3114,661-34702,Mac14.15,2023,MQKP3LL/A,3.49GHz Apple M2 (8 Core),Apple M2 (10 Core),8301,14,SG
A2941/A3114,661-34702,Mac14.15,2023,MQKQ3LL/A,3.49GHz Apple M2 (8 Core),Apple M2 (10 Core),8301,14,SG
A2941/A3114,661-34702,Mac15.13,2024,MRYM3LL/A,4.05 GHz Apple M3 (8 Core),Apple M3 (10 Core),8612,14,SG
A2941/A3114,661-34702,Mac15.13,2024,MRYN3LL/A,4.05 GHz Apple M3 (8 Core),Apple M3 (10 Core),8612,14,SG
A2941/A3114,661-34702,Mac15.13,2024,MXD13LL/A,4.05 GHz Apple M3 (8 Core),Apple M3 (10 Core),8612,14,SG
A2941/A3114,661-34702,Mac15.13,2024,MC9D4LL/A,4.05 GHz Apple M3 (8 Core),Apple M3 (10 Core),8612,14,SG
A2941/A3114,661-34702,Mac15.13,2024,MC9H4LL/A,4.05 GHz Apple M3 (8 Core),Apple M3 (10 Core),8612,14,SG
A2941/A3114,661-34703,Mac14.15,2023,MQKR3LL/A,3.49GHz Apple M2 (8 Core),Apple M2 (10 Core),8301,14,Silver
A2941/A3114,661-34703,Mac14.15,2023,MQKT3LL/A,3.49GHz Apple M2 (8 Core),Apple M2 (10 Core),8301,14,Silver
A2941/A3114,661-34703,Mac15.13,2024,MRYP3LL/A,4.05 GHz Apple M3 (8 Core),Apple M3 (10 Core),8612,14,Silver
A2941/A3114,661-34703,Mac15.13,2024,MRYQ3LL/A,4.05 GHz Apple M3 (8 Core),Apple M3 (10 Core),8612,14,Silver
A2941/A3114,661-34703,Mac15.13,2024,MXD23LL/A,4.05 GHz Apple M3 (8 Core),Apple M3 (10 Core),8612,14,Silver
A2941/A3114,661-34703,Mac15.13,2024,MC9E4LL/A,4.05 GHz Apple M3 (8 Core),Apple M3 (10 Core),8612,14,Silver
A2941/A3114,661-34703,Mac15.13,2024,MC9J4LL/A,4.05 GHz Apple M3 (8 Core),Apple M3 (10 Core),8612,14,Silver
A2941/A3114,661-34704,Mac14.15,2023,MQKU3LL/A,3.49GHz Apple M2 (8 Core),Apple M2 (10 Core),8301,14,Starlight
A2941/A3114,661-34704,Mac14.15,2023,MQKV3LL/A,3.49GHz Apple M2 (8 Core),Apple M2 (10 Core),8301,14,Starlight
A2941/A3114,661-34704,Mac15.13,2024,MRYR3LL/A,4.05 GHz Apple M3 (8 Core),Apple M3 (10 Core),8612,14,Starlight
A2941/A3114,661-34704,Mac15.13,2024,MRYT3LL/A,4.05 GHz Apple M3 (8 Core),Apple M3 (10 Core),8612,14,Starlight
A2941/A3114,661-34704,Mac15.13,2024,MXD33LL/A,4.05 GHz Apple M3 (8 Core),Apple M3 (10 Core),8612,14,Starlight
A2941/A3114,661-34704,Mac15.13,2024,MC9F4LL/A,4.05 GHz Apple M3 (8 Core),Apple M3 (10 Core),8612,14,Starlight
A2941/A3114,661-34704,Mac15.13,2024,MC9K4LL/A,4.05 GHz Apple M3 (8 Core),Apple M3 (10 Core),8612,14,Starlight
A2941/A3114,661-34705,Mac14.15,2023,MQKW3LL/A,3.49GHz Apple M2 (8 Core),Apple M2 (10 Core),8301,14,Midnight
A2941/A3114,661-34705,Mac14.15,2023,MQKX3LL/A,3.49GHz Apple M2 (8 Core),Apple M2 (10 Core),8301,14,Midnight
A2941/A3114,661-34705,Mac15.13,2024,MRYU3LL/A,4.05 GHz Apple M3 (8 Core),Apple M3 (10 Core),8612,14,Midnight
A2941/A3114,661-34705,Mac15.13,2024,MRYV3LL/A,4.05 GHz Apple M3 (8 Core),Apple M3 (10 Core),8612,14,Midnight
A2941/A3114,661-34705,Mac15.13,2024,MXD43LL/A,4.05 GHz Apple M3 (8 Core),Apple M3 (10 Core),8612,14,Midnight
A2941/A3114,661-34705,Mac15.13,2024,MC9G4LL/A,4.05 GHz Apple M3 (8 Core),Apple M3 (10 Core),8612,14,Midnight
A2941/A3114,661-34705,Mac15.13,2024,MC9L4LL/A,4.05 GHz Apple M3 (8 Core),Apple M3 (10 Core),8612,14,Midnight
! A2991
A2991,661-38683,Mac15.7,Late 2023,MRW13LL/A,4.05 GHz Apple M3 Pro (12 Core),Apple M3 Pro (18 Core),8408,16,SB
A2991,661-38683,Mac15.7,Late 2023,MRW23LL/A,4.05 GHz Apple M3 Pro (12 Core),Apple M3 Pro (18 Core),8408,16,SB
A2991,661-38683,Mac15.11,Late 2023,MRW33LL/A,4.05 GHz Apple M3 Max (14 Core),Apple M3 Max (30 Core),8408,16,SB
A2991,661-38683,Mac15.9,Late 2023,MUW63LL/A,4.05 GHz Apple M3 Max (16 Core),Apple M3 Max (40 Core),8408,16,SB
A2991,661-38684,Mac15.7,Late 2023,MRW43LL/A,4.05 GHz Apple M3 Pro (12 Core),Apple M3 Pro (18 Core),8408,16,Silver
A2991,661-38684,Mac15.7,Late 2023,MRW63LL/A,4.05 GHz Apple M3 Pro (12 Core),Apple M3 Pro (18 Core),8408,16,Silver
A2991,661-38684,Mac15.11,Late 2023,MRW73LL/A,4.05 GHz Apple M3 Max (14 Core),Apple M3 Max (30 Core),8408,16,Silver
A2991,661-38684,Mac15.9,Late 2023,MUW73LL/A,4.05 GHz Apple M3 Max (16 Core),Apple M3 Max (40 Core),8408,16,Silver
! A2992
A2992,661-37952,Mac15.6,Late 2023,MRX33LL/A,4.05 GHz Apple M3 Pro (11 Core),Apple M3 Pro (14 Core),8407,14,SB
A2992,661-37952,Mac15.6,Late 2023,MRX43LL/A,4.05 GHz Apple M3 Pro (12 Core),Apple M3 Pro (18 Core),8407,14,SB
A2992,661-37952,Mac15.10,Late 2023,MRX53LL/A,4.05 GHz Apple M3 Max (14 Core),Apple M3 Max (30 Core),8407,14,SB
A2992,661-37952,Mac15.8,Late 20223,BTO,4.05 GHz Apple M3 Max (16 Core),Apple M3 Max (40 Core),8407,14,SB
A2992,661-37953,Mac15.6,Late 2023,MRX63LL/A,4.05 GHz Apple M3 Pro (11 Core),Apple M3 Pro (14 Core),8407,14,Silver
A2992,661-37953,Mac15.6,Late 2023,MRX73LL/A,4.05 GHz Apple M3 Pro (12 Core),Apple M3 Pro (18 Core),8407,14,Silver
A2992,661-37953,Mac15.10,Late 2023,MRX83LL/A,4.05 GHz Apple M3 Max (14 Core),Apple M3 Max (30 Core),8407,14,Silver
A2992,661-37953,Mac15.8,Late 20223,BTO,4.05 GHz Apple M3 Max (16 Core),Apple M3 Max (40 Core),8407,14,Silver